Name,id
Absolute zero,1
Acid green,2
Aero,3
Aero blue,4
African violet,5
Air Force blue (RAF),6
Air Force blue (USAF),7
Air superiority blue,8
Alabama crimson,9
Alabaster,10
Alice blue,11
Alien Armpit,12
Alizarin crimson,13
Alloy orange,14
Almond,15
Amaranth,16
Amaranth deep purple,17
Amaranth pink,18
Amaranth purple,19
Amaranth red,20
Amazon,21
Amazonite,22
Amber,23
Amber (SAE/ECE),24
American rose,25
Amethyst,26
Android green,27
Anti-flash white,28
Antique brass,29
Antique bronze,30
Antique fuchsia,31
Antique ruby,32
Antique white,33
Ao (English),34
Apple green,35
Apricot,36
Aqua,37
Aquamarine,38
Arctic lime,39
Army green,40
Arsenic,41
Artichoke,42
Arylide yellow,43
Ash grey,44
Asparagus,45
Atomic tangerine,46
Auburn,47
Aureolin,48
AuroMetalSaurus,49
Avocado,50
Awesome,51
Aztec Gold,52
Azure,53
Azure (web color),54
Azure mist,55
Azureish white,56
Baby blue,57
Baby blue eyes,58
Baby pink,59
Baby powder,60
Baker-Miller pink,61
Ball blue,62
Banana Mania,63
Banana yellow,64
Bangladesh green,65
Barbie pink,66
Barn red,67
Battery Charged Blue,68
Battleship grey,69
Bazaar,70
Beau blue,71
Beaver,72
Begonia,73
Beige,74
B dazzled blue,75
Big dip o ruby,76
Big Foot Feet,77
Bisque,78
Bistre,79
Bistre brown,80
Bitter lemon,81
Bitter lime,82
Bittersweet,83
Bittersweet shimmer,84
Black,85
Black bean,86
Black Coral,87
Black leather jacket,88
Black olive,89
Black Shadows,90
Blanched almond,91
Blast-off bronze,92
Bleu de France,93
Blizzard Blue,94
Blond,95
Blue,96
Blue (Crayola),97
Blue (Munsell),98
Blue (NCS),99
Blue (Pantone),100
Blue (pigment),101
Blue (RYB),102
Blue Bell,103
Blue Bolt,104
Blue-gray,105
Blue-green,106
Blue Jeans,107
Blue Lagoon,108
Blue-magenta violet,109
Blue sapphire,110
Blue-violet,111
Blue yonder,112
Blueberry,113
Bluebonnet,114
Blush,115
Bole,116
Bondi blue,117
Bone,118
Booger Buster,119
Boston University Red,120
Bottle green,121
Boysenberry,122
Brandeis blue,123
Brass,124
Brick red,125
Bright cerulean,126
Bright green,127
Bright lavender,128
Bright lilac,129
Bright maroon,130
Bright navy blue,131
Bright pink,132
Bright turquoise,133
Bright ube,134
Bright Yellow (Crayola),135
Brilliant azure,136
Brilliant lavender,137
Brilliant rose,138
Brink pink,139
British racing green,140
Bronze,141
Bronze Yellow,142
Brown (traditional),143
Brown (web),144
Brown-nose,145
Brown Sugar,146
Brown Yellow,147
Brunswick green,148
Bubble gum,149
Bubbles,150
Bud green,151
Buff,152
Bulgarian rose,153
Burgundy,154
Burlywood,155
Burnished Brown,156
Burnt orange,157
Burnt sienna,158
Burnt umber,159
Byzantine,160
Byzantium,161
Cadet,162
Cadet blue,163
Cadet grey,164
Cadmium green,165
Cadmium orange,166
Cadmium red,167
Cadmium yellow,168
Cafe au lait,169
Cafe noir,170
Cal Poly Pomona green,171
Cambridge Blue,172
Camel,173
Cameo pink,174
Camouflage green,175
Canary,176
Canary yellow,177
Candy apple red,178
Candy pink,179
Capri,180
Caput mortuum,181
Cardinal,182
Caribbean green,183
Carmine,184
Carmine (M&P),185
Carmine pink,186
Carmine red,187
Carnation pink,188
Carnelian,189
Carolina blue,190
Carrot orange,191
Castleton green,192
Catalina blue,193
Catawba,194
Cedar Chest,195
Ceil,196
Celadon,197
Celadon blue,198
Celadon green,199
Celeste,200
Celestial blue,201
Cerise,202
Cerise pink,203
Cerulean,204
Cerulean blue,205
Cerulean frost,206
CG Blue,207
CG Red,208
Chamoisee,209
Champagne,210
Champagne pink,211
Charcoal,212
Charleston green,213
Charm pink,214
Chartreuse (traditional),215
Chartreuse (web),216
Cherry,217
Cherry blossom pink,218
Chestnut,219
China pink,220
China rose,221
Chinese red,222
Chinese violet,223
Chlorophyll green,224
Chocolate (traditional),225
Chocolate (web),226
Chrome yellow,227
Cinereous,228
Cinnabar,229
Cinnamon[citation needed],230
Cinnamon Satin,231
Citrine,232
Citron,233
Claret,234
Classic rose,235
Cobalt Blue,236
Cocoa brown,237
Coconut,238
Coffee,239
Columbia Blue,240
Congo pink,241
Cool Black,242
Cool grey,243
Copper,244
Copper (Crayola),245
Copper penny,246
Copper red,247
Copper rose,248
Coquelicot,249
Coral,250
Coral pink,251
Coral red,252
Coral Reef,253
Cordovan,254
Corn,255
Cornell Red,256
Cornflower blue,257
Cornsilk,258
Cosmic Cobalt,259
Cosmic latte,260
Coyote brown,261
Cotton candy,262
Cream,263
Crimson,264
Crimson glory,265
Crimson red,266
Cultured,267
Cyan,268
Cyan azure,269
Cyan-blue azure,270
Cyan cobalt blue,271
Cyan cornflower blue,272
Cyan (process),273
Cyber grape,274
Cyber yellow,275
Cyclamen,276
Daffodil,277
Dandelion,278
Dark blue,279
Dark blue-gray,280
Dark brown,281
Dark brown-tangelo,282
Dark byzantium,283
Dark candy apple red,284
Dark cerulean,285
Dark chestnut,286
Dark coral,287
Dark cyan,288
Dark electric blue,289
Dark goldenrod,290
Dark gray (X11),291
Dark green,292
Dark green (X11),293
Dark gunmetal,294
Dark imperial blue,295
Dark jungle green,296
Dark khaki,297
Dark lava,298
Dark lavender,299
Dark liver,300
Dark liver (horses),301
Dark magenta,302
Dark medium gray,303
Dark midnight blue,304
Dark moss green,305
Dark olive green,306
Dark orange,307
Dark orchid,308
Dark pastel blue,309
Dark pastel green,310
Dark pastel purple,311
Dark pastel red,312
Dark pink,313
Dark powder blue,314
Dark puce,315
Dark purple,316
Dark raspberry,317
Dark red,318
Dark salmon,319
Dark scarlet,320
Dark sea green,321
Dark sienna,322
Dark sky blue,323
Dark slate blue,324
Dark slate gray,325
Dark spring green,326
Dark tan,327
Dark tangerine,328
Dark taupe,329
Dark terra cotta,330
Dark turquoise,331
Dark vanilla,332
Dark violet,333
Dark yellow,334
Dartmouth green,335
Davy s grey,336
Debian red,337
Deep aquamarine,338
Deep carmine,339
Deep carmine pink,340
Deep carrot orange,341
Deep cerise,342
Deep champagne,343
Deep chestnut,344
Deep coffee,345
Deep fuchsia,346
Deep Green,347
Deep green-cyan turquoise,348
Deep jungle green,349
Deep koamaru,350
Deep lemon,351
Deep lilac,352
Deep magenta,353
Deep maroon,354
Deep mauve,355
Deep moss green,356
Deep peach,357
Deep pink,358
Deep puce,359
Deep Red,360
Deep ruby,361
Deep saffron,362
Deep sky blue,363
Deep Space Sparkle,364
Deep spring bud,365
Deep Taupe,366
Deep Tuscan red,367
Deep violet,368
Deer,369
Denim,370
Denim Blue,371
Desaturated cyan,372
Desert,373
Desert sand,374
Desire,375
Diamond,376
Dim gray,377
Dingy Dungeon,378
Dirt,379
Dodger blue,380
Dogwood rose,381
Dollar bill,382
Dolphin Gray,383
Donkey brown,384
Drab,385
Duke blue,386
Dust storm,387
Dutch white,388
Earth yellow,389
Ebony,390
Ecru,391
Eerie black,392
Eggplant,393
Eggshell,394
Egyptian blue,395
Electric blue,396
Electric crimson,397
Electric cyan,398
Electric green,399
Electric indigo,400
Electric lavender,401
Electric lime,402
Electric purple,403
Electric ultramarine,404
Electric violet,405
Electric yellow,406
Emerald,407
Eminence,408
English green,409
English lavender,410
English red,411
English vermillion,412
English violet,413
Eton blue,414
Eucalyptus,415
Fallow,416
Falu red,417
Fandango,418
Fandango pink,419
Fashion fuchsia,420
Fawn,421
Feldgrau,422
Feldspar,423
Fern green,424
Ferrari Red,425
Field drab,426
Fiery Rose,427
Firebrick,428
Fire engine red,429
Flame,430
Flamingo pink,431
Flattery,432
Flavescent,433
Flax,434
Flirt,435
Floral white,436
Fluorescent orange,437
Fluorescent pink,438
Fluorescent yellow,439
Folly,440
Forest green (traditional),441
Forest green (web),442
French beige,443
French bistre,444
French blue,445
French fuchsia,446
French lilac,447
French lime,448
French mauve,449
French pink,450
French plum,451
French puce,452
French raspberry,453
French rose,454
French sky blue,455
French violet,456
French wine,457
Fresh Air,458
Frostbite,459
Fuchsia,460
Fuchsia (Crayola),461
Fuchsia pink,462
Fuchsia purple,463
Fuchsia rose,464
Fulvous,465
Fuzzy Wuzzy,466
Gainsboro,467
Gamboge,468
Gamboge orange (brown),469
Gargoyle Gas,470
Generic viridian,471
Ghost white,472
Giant s Club,473
Giants orange,474
Ginger,475
Glaucous,476
Glitter,477
Glossy Grape,478
GO green,479
Gold (metallic),480
Gold (web) (Golden),481
Gold Fusion,482
Golden brown,483
Golden poppy,484
Golden yellow,485
Goldenrod,486
Granite Gray,487
Granny Smith Apple,488
Grape,489
Gray,490
Gray (HTML/CSS gray),491
Gray (X11 gray),492
Gray-asparagus,493
Gray-blue,494
Green (Color Wheel) (X11 green),495
Green (Crayola),496
Green (HTML/CSS color),497
Green (Munsell),498
Green (NCS),499
Green (Pantone),500
Green (pigment),501
Green (RYB),502
Green-blue,503
Green-cyan,504
Green Lizard,505
Green Sheen,506
Green-yellow,507
Grizzly,508
Grullo,509
Guppie green,510
Gunmetal,511
Han blue,512
Han purple,513
Hansa yellow,514
Harlequin,515
Harlequin green,516
Harvard crimson,517
Harvest gold,518
Heart Gold,519
Heat Wave,520
Heidelberg Red[2],521
Heliotrope,522
Heliotrope gray,523
Heliotrope magenta,524
Hollywood cerise,525
Honeydew,526
Honolulu blue,527
Hooker s green,528
Hot magenta,529
Hot pink,530
Hunter green,531
Iceberg,532
Icterine,533
Iguana Green,534
Illuminating Emerald,535
Imperial,536
Imperial blue,537
Imperial purple,538
Imperial red,539
Inchworm,540
Independence,541
India green,542
Indian red,543
Indian yellow,544
Indigo,545
Indigo dye,546
Indigo (web),547
Infra Red,548
Interdimensional Blue,549
International Klein Blue,550
International orange (aerospace),551
International orange (engineering),552
International orange (Golden Gate Bridge),553
Iris,554
Irresistible,555
Isabelline,556
Islamic green,557
Italian sky blue,558
Ivory,559
Jade,560
Japanese carmine,561
Japanese indigo,562
Japanese violet,563
Jasmine,564
Jasper,565
Jazzberry jam,566
Jelly Bean,567
Jet,568
Jonquil,569
Jordy blue,570
June bud,571
Jungle green,572
Kelly green,573
Kenyan copper,574
Keppel,575
Key Lime,576
Khaki (HTML/CSS) (Khaki),577
Khaki (X11) (Light khaki),578
Kiwi,579
Kobe,580
Kobi,581
Kobicha,582
Kombu green,583
KSU Purple,584
KU Crimson,585
La Salle Green,586
Languid lavender,587
Lapis lazuli,588
Laser Lemon,589
Laurel green,590
Lava,591
Lavender (floral),592
Lavender (web),593
Lavender blue,594
Lavender blush,595
Lavender gray,596
Lavender indigo,597
Lavender magenta,598
Lavender mist,599
Lavender pink,600
Lavender purple,601
Lavender rose,602
Lawn green,603
Lemon,604
Lemon chiffon,605
Lemon curry,606
Lemon glacier,607
Lemon lime,608
Lemon meringue,609
Lemon yellow,610
Licorice,611
Liberty,612
Light apricot,613
Light blue,614
Light brown,615
Light carmine pink,616
Light cobalt blue,617
Light coral,618
Light cornflower blue,619
Light crimson,620
Light cyan,621
Light deep pink,622
Light French beige,623
Light fuchsia pink,624
Light goldenrod yellow,625
Light gray,626
Light grayish magenta,627
Light green,628
Light hot pink,629
Light khaki,630
Light medium orchid,631
Light moss green,632
Light orchid,633
Light pastel purple,634
Light pink,635
Light red ochre,636
Light salmon,637
Light salmon pink,638
Light sea green,639
Light sky blue,640
Light slate gray,641
Light steel blue,642
Light taupe,643
Light Thulian pink,644
Light yellow,645
Lilac,646
Lilac Luster,647
Lime (color wheel),648
Lime (web) (X11 green),649
Lime green,650
Limerick,651
Lincoln green,652
Linen,653
Loeen(lopen)look/vomit+indogo+Lopen+Gabriel,654
Liseran Purple,655
Little boy blue,656
Liver,657
Liver (dogs),658
Liver (organ),659
Liver chestnut,660
Livid,661
Lumber,662
Lust,663
Maastricht Blue,664
Macaroni and Cheese,665
Madder Lake,666
Magenta,667
Magenta (Crayola),668
Magenta (dye),669
Magenta (Pantone),670
Magenta (process),671
Magenta haze,672
Magenta-pink,673
Magic mint,674
Magic Potion,675
Magnolia,676
Mahogany,677
Maize,678
Majorelle Blue,679
Malachite,680
Manatee,681
Mandarin,682
Mango Tango,683
Mantis,684
Mardi Gras,685
Marigold,686
Maroon (Crayola),687
Maroon (HTML/CSS),688
Maroon (X11),689
Mauve,690
Mauve taupe,691
Mauvelous,692
Maximum Blue,693
Maximum Blue Green,694
Maximum Blue Purple,695
Maximum Green,696
Maximum Green Yellow,697
Maximum Purple,698
Maximum Red,699
Maximum Red Purple,700
Maximum Yellow,701
Maximum Yellow Red,702
May green,703
Maya blue,704
Meat brown,705
Medium aquamarine,706
Medium blue,707
Medium candy apple red,708
Medium carmine,709
Medium champagne,710
Medium electric blue,711
Medium jungle green,712
Medium lavender magenta,713
Medium orchid,714
Medium Persian blue,715
Medium purple,716
Medium red-violet,717
Medium ruby,718
Medium sea green,719
Medium sky blue,720
Medium slate blue,721
Medium spring bud,722
Medium spring green,723
Medium taupe,724
Medium turquoise,725
Medium Tuscan red,726
Medium vermilion,727
Medium violet-red,728
Mellow apricot,729
Mellow yellow,730
Melon,731
Metallic Seaweed,732
Metallic Sunburst,733
Mexican pink,734
Middle Blue,735
Middle Blue Green,736
Middle Blue Purple,737
Middle Red Purple,738
Middle Green,739
Middle Green Yellow,740
Middle Purple,741
Middle Red,742
Middle Yellow,743
Middle Yellow Red,744
Midnight,745
Midnight blue,746
Midnight green (eagle green),747
Mikado yellow,748
Milk,749
Mimi Pink,750
Mindaro,751
Ming,752
Minion Yellow,753
Mint,754
Mint cream,755
Mint green,756
Misty Moss,757
Misty rose,758
Moccasin,759
Mode beige,760
Moonstone blue,761
Mordant red 19,762
Moss green,763
Mountain Meadow,764
Mountbatten pink,765
MSU Green,766
Mughal green,767
Mulberry,768
Mummy s Tomb,769
Mustard,770
Myrtle green,771
Mystic,772
Mystic Maroon,773
Nadeshiko pink,774
Napier green,775
Naples yellow,776
Navajo white,777
Navy,778
Navy purple,779
Neon Carrot,780
Neon fuchsia,781
Neon green,782
New Car,783
New York pink,784
Nickel,785
Non-photo blue,786
North Texas Green,787
Nyanza,788
Ocean Blue,789
Ocean Boat Blue,790
Ocean Green,791
Ochre,792
Office green,793
Ogre Odor,794
Old burgundy,795
Old gold,796
Old heliotrope,797
Old lace,798
Old lavender,799
Old mauve,800
Old moss green,801
Old rose,802
Old silver,803
Olive,804
Olive Drab (#3),805
Olive Drab #7,806
Olivine,807
Onyx,808
Opera mauve,809
Orange (color wheel),810
Orange (Crayola),811
Orange (Pantone),812
Orange (RYB),813
Orange (web),814
Orange peel,815
Orange-red,816
Orange Soda,817
Orange-yellow,818
Orchid,819
Orchid pink,820
Orioles orange,821
Otter brown,822
Outer Space,823
Outrageous Orange,824
Oxford Blue,825
OU Crimson Red,826
Pacific Blue,827
Pakistan green,828
Palatinate blue,829
Palatinate purple,830
Pale aqua,831
Pale blue,832
Pale brown,833
Pale carmine,834
Pale cerulean,835
Pale chestnut,836
Pale copper,837
Pale cornflower blue,838
Pale cyan,839
Pale gold,840
Pale goldenrod,841
Pale green,842
Pale lavender,843
Pale magenta,844
Pale magenta-pink,845
Pale pink,846
Pale plum,847
Pale red-violet,848
Pale robin egg blue,849
Pale silver,850
Pale spring bud,851
Pale taupe,852
Pale turquoise,853
Pale violet,854
Pale violet-red,855
Palm Leaf,856
Pansy purple,857
Paolo Veronese green,858
Papaya whip,859
Paradise pink,860
Paris Green,861
Parrot Pink,862
Pastel blue,863
Pastel brown,864
Pastel gray,865
Pastel green,866
Pastel magenta,867
Pastel orange,868
Pastel pink,869
Pastel purple,870
Pastel red,871
Pastel violet,872
Pastel yellow,873
Patriarch,874
Payne s grey,875
Peach,876
Peach-orange,877
Peach puff,878
Peach-yellow,879
Pear,880
Pearl,881
Pearl Aqua,882
Pearly purple,883
Peridot,884
Periwinkle,885
Permanent Geranium Lake,886
Persian blue,887
Persian green,888
Persian indigo,889
Persian orange,890
Persian pink,891
Persian plum,892
Persian red,893
Persian rose,894
Persimmon,895
Peru,896
Pewter Blue,897
Phlox,898
Phthalo blue,899
Phthalo green,900
Picton blue,901
Pictorial carmine,902
Piggy pink,903
Pine green,904
Pineapple,905
Pink,906
Pink (Pantone),907
Pink Flamingo,908
Pink lace,909
Pink lavender,910
Pink-orange,911
Pink pearl,912
Pink raspberry,913
Pink Sherbet,914
Pistachio,915
Pixie Powder,916
Platinum,917
Plum,918
Plum (web),919
Plump Purple,920
Polished Pine,921
Pomp and Power,922
Popstar,923
Portland Orange,924
Powder blue,925
Princess Perfume,926
Princeton orange,927
Prune,928
Prussian blue,929
Psychedelic purple,930
Puce,931
Puce red,932
Pullman Brown (UPS Brown),933
Pullman Green,934
Pumpkin,935
Purple (HTML),936
Purple (Munsell),937
Purple (X11),938
Purple Heart,939
Purple mountain majesty,940
Purple navy,941
Purple pizzazz,942
Purple Plum,943
Purple taupe,944
Purpureus,945
Quartz,946
Queen blue,947
Queen pink,948
Quick Silver,949
Quinacridone magenta,950
Rackley,951
Radical Red,952
Raisin black,953
Rajah,954
Raspberry,955
Raspberry glace,956
Raspberry pink,957
Raspberry rose,958
Raw Sienna,959
Raw umber,960
Razzle dazzle rose,961
Razzmatazz,962
Razzmic Berry,963
Rebecca Purple,964
Red,965
Red (Crayola),966
Red (Munsell),967
Red (NCS),968
Red (Pantone),969
Red (pigment),970
Red (RYB),971
Red-brown,972
Red devil,973
Red-orange,974
Red-purple,975
Red Salsa,976
Red-violet,977
Redwood,978
Regalia,979
Registration black,980
Resolution blue,981
Rhythm,982
Rich black,983
Rich black (FOGRA29),984
Rich black (FOGRA39),985
Rich brilliant lavender,986
Rich carmine,987
Rich electric blue,988
Rich lavender,989
Rich lilac,990
Rich maroon,991
Rifle green,992
Roast coffee,993
Robin egg blue,994
Rocket metallic,995
Roman silver,996
Rose,997
Rose bonbon,998
Rose Dust,999
Rose ebony,1000
Rose gold,1001
Rose madder,1002
Rose pink,1003
Rose quartz,1004
Rose red,1005
Rose taupe,1006
Rose vale,1007
Rosewood,1008
Rosso corsa,1009
Rosy brown,1010
Royal azure,1011
Royal blue,1012
Royal fuchsia,1013
Royal purple,1014
Royal yellow,1015
Ruber,1016
Rubine red,1017
Ruby,1018
Ruby red,1019
Ruddy,1020
Ruddy brown,1021
Ruddy pink,1022
Rufous,1023
Russet,1024
Russian green,1025
Russian violet,1026
Rust,1027
Rusty red,1028
Sacramento State green,1029
Saddle brown,1030
Safety orange,1031
Safety orange (blaze orange),1032
Safety yellow,1033
Saffron,1034
Sage,1035
St. Patrick s blue,1036
Salmon,1037
Salmon pink,1038
Sand,1039
Sand dune,1040
Sandstorm,1041
Sandy brown,1042
Sandy Tan,1043
Sandy taupe,1044
Sangria,1045
Sap green,1046
Sapphire,1047
Sapphire blue,1048
Sasquatch Socks,1049
Satin sheen gold,1050
Scarlet,1051
Schauss pink,1052
School bus yellow,1053
Screamin  Green,1054
Sea blue,1055
Sea Foam Green,1056
Sea green,1057
Sea Serpent,1058
Seal brown,1059
Seashell,1060
Selective yellow,1061
Sepia,1062
Shadow,1063
Shadow blue,1064
Shampoo,1065
Shamrock green,1066
Sheen Green,1067
Shimmering Blush,1068
Shiny Shamrock,1069
Shocking pink,1070
Shocking pink (Crayola),1071
Sienna,1072
Silver,1073
Silver chalice,1074
Silver Lake blue,1075
Silver pink,1076
Silver sand,1077
Sinopia,1078
Sizzling Red,1079
Sizzling Sunrise,1080
Skobeloff,1081
Sky blue,1082
Sky magenta,1083
Slate blue,1084
Slate gray,1085
Smalt (Dark powder blue),1086
Slimy Green,1087
Smashed Pumpkin,1088
Smitten,1089
Smoke,1090
Smokey Topaz,1091
Smoky black,1092
Smoky Topaz,1093
Snow,1094
Soap,1095
Solid pink,1096
Sonic silver,1097
Spartan Crimson,1098
Space cadet,1099
Spanish bistre,1100
Spanish blue,1101
Spanish carmine,1102
Spanish crimson,1103
Spanish gray,1104
Spanish green,1105
Spanish orange,1106
Spanish pink,1107
Spanish red,1108
Spanish sky blue,1109
Spanish violet,1110
Spanish viridian,1111
Spicy mix,1112
Spiro Disco Ball,1113
Spring bud,1114
Spring Frost,1115
Spring green,1116
Star command blue,1117
Steel blue,1118
Steel pink,1119
Steel Teal,1120
Stil de grain yellow,1121
Stizza,1122
Stormcloud,1123
Straw,1124
Strawberry,1125
Sugar Plum,1126
Sunburnt Cyclops,1127
Sunglow,1128
Sunny,1129
Sunray,1130
Sunset,1131
Sunset orange,1132
Super pink,1133
Sweet Brown,1134
Tan,1135
Tangelo,1136
Tangerine,1137
Tangerine yellow,1138
Tango pink,1139
Tart Orange,1140
Taupe,1141
Taupe gray,1142
Tea green,1143
Tea rose,1144
Teal,1145
Teal blue,1146
Teal deer,1147
Teal green,1148
Telemagenta,1149
Tenni (tawny),1150
Terra cotta,1151
Thistle,1152
Thulian pink,1153
Tickle Me Pink,1154
Tiffany Blue,1155
Tiger s eye,1156
Timberwolf,1157
Titanium yellow,1158
Tomato,1159
Toolbox,1160
Topaz,1161
Tractor red,1162
Trolley Grey,1163
Tropical rain forest,1164
Tropical violet,1165
True Blue,1166
Tufts Blue,1167
Tulip,1168
Tumbleweed,1169
Turkish rose,1170
Turquoise,1171
Turquoise blue,1172
Turquoise green,1173
Turquoise Surf,1174
Turtle green,1175
Tuscan,1176
Tuscan brown,1177
Tuscan red,1178
Tuscan tan,1179
Tuscany,1180
Twilight lavender,1181
Tyrian purple,1182
UA blue,1183
UA red,1184
Ube,1185
UCLA Blue,1186
UCLA Gold,1187
UFO Green,1188
Ultramarine,1189
Ultramarine blue,1190
Ultra pink,1191
Ultra red,1192
Umber,1193
Unbleached silk,1194
United Nations blue,1195
University of California Gold,1196
Unmellow yellow,1197
UP Forest green,1198
UP Maroon,1199
Upsdell red,1200
Urobilin,1201
USAFA blue,1202
USC Cardinal,1203
USC Gold,1204
University of Tennessee Orange,1205
Utah Crimson,1206
Van Dyke Brown,1207
Vanilla,1208
Vanilla ice,1209
Vegas gold,1210
Venetian red,1211
Verdigris,1212
Vermilion,1213
Veronica,1214
Very light azure,1215
Very light blue,1216
Very light malachite green,1217
Very light tangelo,1218
Very pale orange,1219
Very pale yellow,1220
Violet,1221
Violet (color wheel),1222
Violet (RYB),1223
Violet (web),1224
Violet-blue,1225
Violet-red,1226
Viridian,1227
Viridian green,1228
Vista blue,1229
Vivid amber,1230
Vivid auburn,1231
Vivid burgundy,1232
Vivid cerise,1233
Vivid cerulean,1234
Vivid crimson,1235
Vivid gamboge,1236
Vivid lime green,1237
Vivid malachite,1238
Vivid mulberry,1239
Vivid orange,1240
Vivid orange peel,1241
Vivid orchid,1242
Vivid raspberry,1243
Vivid red,1244
Vivid red-tangelo,1245
Vivid sky blue,1246
Vivid tangelo,1247
Vivid tangerine,1248
Vivid vermilion,1249
Vivid violet,1250
Vivid yellow,1251
Volt,1252
Wageningen Green,1253
Warm black,1254
Waterspout,1255
Weldon Blue,1256
Wenge,1257
Wheat,1258
White,1259
White smoke,1260
Wild blue yonder,1261
Wild orchid,1262
Wild Strawberry,1263
Wild watermelon,1264
Willpower orange,1265
Windsor tan,1266
Wine,1267
Wine dregs,1268
Winter Sky,1269
Winter Wizard,1270
Wintergreen Dream,1271
Wisteria,1272
Wood brown,1273
Xanadu,1274
Yale Blue,1275
Yankees blue,1276
Yellow,1277
Yellow (Crayola),1278
Yellow (Munsell),1279
Yellow (NCS),1280
Yellow (Pantone),1281
Yellow (process),1282
Yellow (RYB),1283
Yellow-green,1284
Yellow Orange,1285
Yellow rose,1286
Yellow Sunshine,1287
Zaffre,1288
Zinnwaldite brown,1289
Zomp,1290